NOM_CAMPO,NOM_ESTADO,NUM_CONTRATO
ABALONE,Espírito Santo,480000035529711
ACAJÁ (Licitado),Bahia,""
ACAJÁ-BURIZINHO,Bahia,486100092312002
ACAUÃ,Rio Grande do Norte,486100039012000
ACAUÃ LESTE,Rio Grande do Norte,486100039012000A
ÁGUA GRANDE,Bahia,480000036299743
AGUILHADA,Sergipe,480000038429709
AGULHA,Rio Grande do Norte,480000037799766
AIP ABABL_ABS-140_AB-210,(NÃO CADASTRADO),""
AIP ABABL_CRT200,(NÃO CADASTRADO),""
AIP ABABL_MRL430_MRL700_EN100_MRL200,(NÃO CADASTRADO),""
AIP ATAPU OESTE ATAPU NORTE ATAPU,(NÃO CADASTRADO),""
AIP CAMARUPIM E CAMARUPIM NORTE,(NÃO CADASTRADO),""
AIP DE SÉPIA E SÉPIA LESTE,(NÃO CADASTRADO),""
"AIP MARLIM, VOADOR E MARLIM NORTE",(NÃO CADASTRADO),""
AIP SAPINHOÁ E ENTORNO DE SAPINHOÁ,(NÃO CADASTRADO),""
"AIP TUPI, SUL DE TUPI E TUPI LESTE",Rio de Janeiro,""
AIP TVD E TVSW,(NÃO CADASTRADO),""
ALAGAMAR,Sergipe,""
ALBACORA,Rio de Janeiro,480000037039702
ALBACORA LESTE,Rio de Janeiro,480000038959767
ALBATROZ,Espírito Santo,486100079852004
ALTO ALEGRE,Rio Grande do Norte,480000037839733
ALTO ALEGRE,Rio Grande do Norte,48610002004201646
ALTO DO RODRIGUES,Rio Grande do Norte,480000037849704
ANAMBÉ,Alagoas,486100038922000
AnC_ARGONAUTA_ME1,(NÃO CADASTRADO),""
AnC_BRAVA,Rio de Janeiro,48610003909201803
AnC_NORTE_ATAPU,Rio de Janeiro,48610003512201722
AnC_SAPINHOÁ_BVE,(NÃO CADASTRADO),""
AnC_TARTARUGA VERDE,Rio de Janeiro,48610001047201442
AnC_TUPI,Rio de Janeiro,48610006369201135
ANDORINHA,Rio Grande do Norte,486100079942004
ANDORINHA SUL,Rio Grande do Norte,486100080022004
ANEQUIM,Rio de Janeiro,480000037309777
ANGELIM,Sergipe,480000038439763
ANGICO,Rio Grande do Norte,480000034849762
APRAIÚS,Bahia,480000036309722
ARABAIANA,Rio Grande do Norte,480000039139747
ARAÇARI,Rio Grande do Norte,486100094872003
ARAÇÁS,Bahia,480000036319795
ARAÇÁS LESTE,Bahia,""
ARAÇÁS LESTE,Bahia,48610007068201714
ARAÇÁS LESTE,Bahia,48610009289200593
ARACUÃ,Sergipe,48610009202200588
ARAPAÇU,Alagoas,48610001547200917
ARARA AZUL,Amazonas,48610009146200581
ARARACANGA,Amazonas,480000034559764
ARATU,Bahia,480000036329758
ARATUM,Rio Grande do Norte,480000037809745
ÁREA DO ALS032,Alagoas,480000039179706
ÁREA DO BAS104,Bahia,480000038769712
AREA do BAS-37 (Licitado),Bahia,""
ÁREA DO BAS-48,Bahia,""
ÁREA DO BAS-60,Espírito Santo,""
AREA DO BAS-64 (Licitado),Bahia,""
ÁREA DO BAS-85,Espírito Santo,""
ÁREA DO BAS-86,Espírito Santo,""
ÁREA DO CES066,Ceará,480000039049756
ÁREA DO ESS-100,(estado não informado),480000035609749
ÁREA DO PAS-011,Pará,""
ÁREA DO RJS-150,Rio de Janeiro,""
AREA DO RNS-36,(NÃO CADASTRADO),""
ÁREA DO SES-092 (Licitado),Sergipe,""
AREA DO SES-2,(NÃO CADASTRADO),""
ARGONAUTA,Espírito Santo,480000035529711
ARRAIA,Bahia,480000038779785
ARRIBAÇÃ,Rio Grande do Norte,486100092272002
ARUARI,Sergipe,480000038449726
ASA BRANCA,Rio Grande do Norte,480000034829737
ATALAIA SUL,Sergipe,480000038459799
ATAPU,Rio de Janeiro,48610012913201005
ATLANTA,Rio de Janeiro,480000035739791
ATUM,Ceará,480000037759713
AZULÃO,Amazonas,480000034609702A
BACALHAU,São Paulo,486100038832000
BACALHAU NORTE,São Paulo,48610012964201703
BADEJO,Rio de Janeiro,480000037059720
BAGRE,Rio de Janeiro,480000037269708
BAIXA DO ALGODÃO,Rio Grande do Norte,480000037859769
BAIXA DO JUAZEIRO,Rio Grande do Norte,480000039149718
BAIXO VERMELHO,Rio Grande do Norte,""
BALEIA ANÃ,Espírito Santo,480000035609749
BALEIA AZUL,Espírito Santo,480000035609749
BALEIA FRANCA,Espírito Santo,480000035609749
BARRA BONITA,Paraná,48610001999201628
BARRA BONITA (Licitado),Paraná,480000039239709
BARRA DO IPIRANGA,Espírito Santo,480000037569761
BARRACUDA,Rio de Janeiro,480000038979792
BARRINHA,Rio Grande do Norte,480000037869721
BARRINHA LESTE,Rio Grande do Norte,486100039012000A
BARRINHA SUDOESTE,Rio Grande do Norte,486100039012000A
BAÚNA,São Paulo,486100094942003
BAUNA SUL,São Paulo,486100094932003A
BCED - 1-SFA-1-ES,(estado não informado),480000035419702
BEIJA-FLOR,Bahia,480000035149721
BELA VISTA,Bahia,""
BELA VISTA,Bahia,48610002000201668
Bem-te-vi,Espírito Santo,48610009193200525
BENFICA,Rio Grande do Norte,4861000400398
BERBIGÃO,Rio de Janeiro,486100038862000A
BICUDO,Rio de Janeiro,480000037179717
BIGUÁ,Espírito Santo,486100079842004
BIJUPIRÁ,Rio de Janeiro,480000037099781
BIQUARA,Rio Grande do Norte,480000039099770
BIRIBA,Bahia,480000036729772
BOA ESPERANÇA,Rio Grande do Norte,480000037879794
BOA VENTURA,(NÃO CADASTRADO),""
BOA VISTA,Rio Grande do Norte,480000037889757
BOM DESCANSO,(NÃO CADASTRADO),""
BOM LUGAR,Bahia,48610009285200513
BOM LUGAR (Licitado),Bahia,""
BONITO,Rio de Janeiro,480000037189771
BONSUCESSO,Bahia,480000036589741
BREJINHO,Bahia,480000036369717
BREJINHO,Rio Grande do Norte,480000037899710
BREJO GRANDE,Sergipe,480000038469751
BURACICA,Bahia,480000036359746
BURIZINHO (Licitado),Bahia,""
BÚZIOS,Rio de Janeiro,48610012913201005
CABOCLINHO,Rio Grande do Norte,486100092272002
CABURÉ,Bahia,48610001425200840
Caburé Leste,Bahia,48610000057201461
CAÇÃO,Espírito Santo,480000037359791
CACHALOTE,Espírito Santo,480000035609749
CACHOEIRINHA,Rio Grande do Norte,480000037919761
CACIMBAS,Espírito Santo,480000037369753
CAIOBA,Sergipe,480000038369706
CAIPE VELHO,(NÃO CADASTRADO),""
Camaçari,(NÃO CADASTRADO),48610222006201901
Camaçari,Bahia,480000038819752
CAMARÃO,Bahia,486100038902000
CAMARÃO NORTE,Bahia,480000035189782
CAMARUPIM,Espírito Santo,480000035359700
CAMARUPIM NORTE,Espírito Santo,486100107242001
CAMBACICA,Bahia,486100092282002
CAMORIM,Sergipe,480000038379761
CAMPAINHA AZUL,(NÃO CADASTRADO),48610005402201371
CAMPO GRANDE,Espírito Santo,480000037379716
CANABRAVA,Bahia,480000036379771
CANAPU,Espírito Santo,480000035359700
CANÁRIO,Bahia,486100038992000
Canário da Terra,Bahia,48610000069201495
Canário da Terra Sul,Bahia,48610000071201464
CANCÃ,Espírito Santo,486100094912003
Cancã Leste,Espírito Santo,48610005403201316
CANDEIAS,Bahia,480000036389734
CANGOÁ,Espírito Santo,480000039029721
CANTAGALO,Bahia,480000036399705
CANTO DO AMARO,Rio Grande do Norte,480000037929724
CARACATU,Bahia,""
CARAPANAÚBA,Amazonas,480000038689794
CARAPEBA,Rio de Janeiro,480000037119722
CARAPIA,Rio de Janeiro,480000035779741
CARAPICU,Rio de Janeiro,480000035579734
CARAPITANGA,Sergipe,48610009275200571
CARAPITANGA (Licitado),Sergipe,480000034999730
CARAPÓ,Espírito Santo,480000035359700
CARATAÍ,Rio de Janeiro,480000035579734
CARATINGA,Rio de Janeiro,480000038989755
CARAÚNA,Ceará,480000039119711
CARAVELA,Paraná,480000038659704
CARCARÁ,Rio Grande do Norte,48610009127200555
CARDEAL,Rio Grande do Norte,486100080002004
CARDEAL AMARELO,Bahia,48610001440200898
CARDEAL AMARELO OESTE,Bahia,48610001439200863
CARDEAL DO NORDESTE,Bahia,48610001440200898
CARDEAL DO NORDESTE LESTE,Bahia,48610010825201575
CARDEAL-BA,Bahia,480000035149721
CARMÓPOLIS,Sergipe,480000038479714
CARMÓPOLIS NOROESTE,Sergipe,48610009197200511
CARMÓPOLIS SUDOESTE,Sergipe,48610009197200511
CARNAUBAIS,Rio Grande do Norte,""
CARNAUBAIS VELHO,Rio Grande do Norte,""
CASSARONGONGO,Bahia,480000036409786
CASTANHAL,Sergipe,480000038489787
CATUÁ,Espírito Santo,480000035609749
CAVALO-MARINHO,Santa Catarina,480000035729728
CAXAREU,Espírito Santo,480000035609749
CEXIS,Bahia,480000036419749
CHAUÁ,Rio Grande do Norte,48610007481200626
CHERNE,Rio de Janeiro,480000037279762
CHOPIM,Rio Grande do Norte,486100079952004
CIDADE DE ARACAJU,Sergipe,48610009284200561
CIDADE DE ARACAJU (Licitado),Sergipe,""
CIDADE DE CORURIPE,(NÃO CADASTRADO),""
CIDADE DE ENTRE RIOS,Bahia,480000036429710
CIDADE DE PIRAMBU,Sergipe,""
CIDADE DE SÃO MIGUEL DOS CAMPOS,Alagoas,480000038509729
CIDADE DE SEBASTIÃO FERREIRA,Alagoas,480000039199723
CIOBA,Rio Grande do Norte,480000039069781
CIP  BREJINHO-CANABRAVA,(NÃO CADASTRADO),""
CIP  MORRINHO E BOA VISTA,(NÃO CADASTRADO),""
CIP  REMANSO-MATA DE SÃO JOÃO,(NÃO CADASTRADO),""
CIP  SÃO MATEUS E SÃO MATEUS LESTE,(NÃO CADASTRADO),""
CIP ANGICO-ESTREITO,(NÃO CADASTRADO),""
CIP BAGRE-CHERNE,(NÃO CADASTRADO),""
CIP BARRACUDA-CARATINGA,(NÃO CADASTRADO),""
CIP BARRINHA E BARRINHA SUDOESTE,(NÃO CADASTRADO),""
CIP BARRINHA LESTE-POÇO VERDE,(NÃO CADASTRADO),""
CIP BENFICA-BOA VISTA,(NÃO CADASTRADO),""
CIP BENFICA-REDONDA PROFUNDO,(NÃO CADASTRADO),""
CIP BICUDO-ENCHOVA OESTE,(NÃO CADASTRADO),""
CIP BOA VISTA-REDONDA PROFUNDO,(NÃO CADASTRADO),""
CIP BUZIOS E TAMBUATÁ,(NÃO CADASTRADO),""
CIP CARAPANAÚBA E CUPIÚBA,(NÃO CADASTRADO),""
CIP CASSARONGONGO E TAQUIPE,(NÃO CADASTRADO),""
CIP CCN E CCNS,(NÃO CADASTRADO),""
CIP CHERNE NAMORADO,(NÃO CADASTRADO),""
CIP DOM JOÃO E DOM JOÃO MAR,(NÃO CADASTRADO),""
CIP GOMO-BONSUCESSO,(NÃO CADASTRADO),""
CIP MAÇARICO E PATURI,(NÃO CADASTRADO),""
CIP MARLIM E MARLIM SUL,(NÃO CADASTRADO),""
CIP PAMPO-BICUDO,(NÃO CADASTRADO),""
CIP PAMPO-LINGUADO,(NÃO CADASTRADO),""
CIP PARDAL-LORENA,(NÃO CADASTRADO),""
"CIP POJUCA, TAPIRANGA E TAPIRANGA NORTE",(NÃO CADASTRADO),""
CIP SÃO MATEUS LESTE E GURIRI,(NÃO CADASTRADO),""
CIP SÃO MATEUS-BIGUÁ,(NÃO CADASTRADO),""
"CIP SERRA, ARATUM E MACAU",(NÃO CADASTRADO),""
COLIBRI,Rio Grande do Norte,486100095032003
CONCEIÇÃO,Bahia,480000037029731
CONCEIÇÃO DA BARRA,Espírito Santo,""
CONCRIZ,Rio Grande do Norte,48610009134200557
CONGRO,Rio de Janeiro,480000037149711
COQUEIRO SECO,Alagoas,480000038519791
CORAL,Paraná,480000039249763
CÓRREGO CEDRO NORTE,Espírito Santo,480000037389789
CÓRREGO CEDRO NORTE SUL,Espírito Santo,48610009188200512
CÓRREGO DAS PEDRAS,Espírito Santo,480000037399741
CÓRREGO DOURADO,Espírito Santo,480000037409721
CÓRREGO GRANDE,Espírito Santo,480000037419793
CORRUIRA,Espírito Santo,48610009173200554
CORVINA,Rio de Janeiro,480000037159783
CREJOÁ,Espírito Santo,48610007484200661
CRISTO REDENTOR,(NÃO CADASTRADO),""
CUPIÚBA,Amazonas,480000038699757
CURIMÃ,Ceará,480000037769778
CURIÓ,Bahia,480000035129704
CURRAL DE FORA,Bahia,""
DENTÃO,Rio Grande do Norte,480000039079744
DIAS D'ÁVILA,Bahia,480000036439774
DOM JOÃO,Bahia,480000036449737
DOM JOÃO MAR,Bahia,480000036459708
DÓ-RÉ-MI,Sergipe,48610009198200558A
DOURADO,Sergipe,480000038389723
ENCHOVA,Rio de Janeiro,480000037199734
ENCHOVA OESTE,Rio de Janeiro,480000037209713
ESPADA,Ceará,480000037779731
ESPADARTE,Rio de Janeiro,480000038999718
ESPIGÃO (Licitado),Maranhão,""
ESTREITO,Rio Grande do Norte,480000037939797
ESTRELA DO MAR,Paraná,480000039259726
FAZENDA ALEGRE,Espírito Santo,480000037429756
FAZENDA ALTO DAS PEDRAS,Bahia,4861000400498
FAZENDA ALVORADA,Bahia,480000036469762
FAZENDA AZEVEDO,Bahia,480000036479725
FAZENDA AZEVEDO OESTE,Bahia,""
FAZENDA BÁLSAMO,Bahia,480000036489798
FAZENDA BELÉM,Bahia,480000036499751
FAZENDA BELÉM,Ceará,480000037959712
FAZENDA BOA ESPERANÇA,Bahia,480000036509730
FAZENDA BOA ESPERANÇA,Espírito Santo,""
FAZENDA BOA PAZ,(NÃO CADASTRADO),""
FAZENDA BOA VISTA,(NÃO CADASTRADO),""
FAZENDA CANAAN,Rio Grande do Norte,480000037969785
FAZENDA CEDRO,Espírito Santo,480000037439719
FAZENDA CEDRO NORTE,Espírito Santo,480000037459744
FAZENDA CURRAL,Rio Grande do Norte,480000037979748
FAZENDA FLORESTA,Bahia,""
Fazenda Gameleira,(NÃO CADASTRADO),48610222007201947
FAZENDA GAMELEIRA (Licitado),Bahia,480000038829715
FAZENDA GUINDASTE,Alagoas,480000039209711
FAZENDA IMBÉ,Bahia,480000036519701
FAZENDA IMPÉRIO,Espírito Santo,""
FAZENDA JUNCO,Rio Grande do Norte,480000039159772
FAZENDA MALAQUIAS,Rio Grande do Norte,480000037989719
FAZENDA MAMOEIRO,Bahia,""
FAZENDA MATINHA,Bahia,480000038919714
FAZENDA NOVA,Sergipe,""
FAZENDA ONÇA,Bahia,480000036529765
FAZENDA PANELAS,Bahia,480000036539728
FAZENDA PAU BRASIL,Alagoas,480000038529754
FAZENDA POCINHO,Rio Grande do Norte,480000037999773
FAZENDA QUEIMADAS,Espírito Santo,480000037449781
FAZENDA QUEIMADAS OESTE,(NÃO CADASTRADO),""
FAZENDA RIACHUELO,(NÃO CADASTRADO),""
FAZENDA RIO BRANCO,Bahia,480000036549791
FAZENDA SANTA LUZIA,Espírito Santo,480000037469715
FAZENDA SANTA ROSA,Bahia,480000038839788
FAZENDA SANTO ESTEVÃO,Bahia,480000036559753
FAZENDA SÃO JORGE,Espírito Santo,480000037479770
FAZENDA SÃO PAULO,Bahia,""
FAZENDA SÃO RAFAEL,Espírito Santo,480000037509784
FAZENDA SORI,Bahia,480000038849741
FAZENDA SORI,Bahia,48610222008201991
FOZ DO VAZA BARRIS (Licitado),Sergipe,""
FOZ DO VAZA-BARRIS,Sergipe,48610009278200511
FRADE,Rio de Janeiro,480000038969720
FURADO,Alagoas,480000038549780
GAIVOTA,Espírito Santo,48610001402200835
GALO DE CAMPINA,Rio Grande do Norte,486100092272002
GAMBOA,Bahia,""
GARÇA BRANCA,Espírito Santo,48610007064201736
GARÇA BRANCA (Licitado),Espírito Santo,48610009186200523
GAROUPA,Rio de Janeiro,480000037219786
GAROUPINHA,Rio de Janeiro,480000037229749
GAVIÃO AZUL,Maranhão,48610001418200848
GAVIÃO BRANCO,Maranhão,48610001418200848
GAVIÃO BRANCO NORTE,Maranhão,48610001415200812
GAVIÃO BRANCO OESTE,Maranhão,48610001417200801
GAVIÃO BRANCO SUDESTE,Maranhão,48610001418200848
GAVIÃO BRANCO SUL,Maranhão,48610001417200801
GAVIÃO CABOCLO,Maranhão,48610001415200812
GAVIÃO CABOCLO SUL,Maranhão,48610001417200801
GAVIÃO CARIJÓ,Maranhão,48610001413200815
GAVIÃO PRETO,Maranhão,48610001417200801
GAVIÃO REAL,Maranhão,48610001418200848
Gavião Tesoura,Maranhão,48610001415200812
GAVIÃO VERMELHO,Maranhão,48610001418200848
GOIÁ,São Paulo,48610001383200847
GOIÁ SUL,São Paulo,48610001384200891
GOLFINHO,Espírito Santo,480000035359700
GOMO,Bahia,480000036569716
GRAÚNA,Rio Grande do Norte,486100092272002
GUAIAMÁ,São Paulo,4861000475099
GUAIUBA,Rio Grande do Norte,480000039089715
GUAJÁ,Rio Grande do Norte,480000034819774
GUAMARÉ,Rio Grande do Norte,480000038009751
GUAMARÉ SUDESTE,Rio Grande do Norte,48610009155200572
GUANAMBI,Bahia,486100080172004
GUARÁ,Sergipe,48610009204200577
GUARICEMA,Sergipe,480000038399796
GURIATÃ,Bahia,48610000069201495
GURIATÃ SUL,Bahia,48610000071201464
GURIRI,Espírito Santo,480000037519747
HARPIA,Sergipe,48610009138200535
ICAPUÍ,Ceará,480000038019713
IGARAPE CUIA,(NÃO CADASTRADO),""
IGARAPÉ PUCÁ,Amazonas,480000038679721
ILHA DA CAÇUMBA,Bahia,480000037749742
ILHA DE BIMBARRA,Bahia,480000036579789
ILHA PEQUENA,Sergipe,480000038559742
INHAMBU,Espírito Santo,486100107352001
IRAÍ,Bahia,480000038929779
IRAÍ,Bahia,48610002001201611
IRAÍ LIXO 1,Bahia,48610002001201611
IRAÚNA,Rio Grande do Norte,48610007067201770
IRAÚNA,Rio Grande do Norte,486100080012004
IRERÊ,Rio Grande do Norte,486100039002000
ITAPARICA,Bahia,480000036599712
ITAPARICA,Bahia,48610007069201769
ITAPU,Rio de Janeiro,48610012913201005
JAÇANÃ,Rio Grande do Norte,486100092252002
JACARANDÁ,Bahia,""
JACUÍPE,Bahia,480000036609793
JACUMIRIM,Bahia,48610007070201793
JACUMIRIM (Licitado),Bahia,""
JACUPEMBA,Espírito Santo,486100079862004
JACUTINGA,Espírito Santo,486100094922003
JACUTINGA NORTE,Espírito Santo,48610009188200512
JANDAIA,Bahia,486100094882003
Jandaia Sul,Bahia,48610000095201413
JANDUÍ,Rio Grande do Norte,480000038029786
JAÓ,Bahia,486100092292002
JAPIIM,Amazonas,480000034609702
JAPUAÇU,Alagoas,486100038922000
JC-Alagamar,(NÃO CADASTRADO),""
JC-Upanema,(NÃO CADASTRADO),""
JEQUIÁ,Alagoas,480000038569713
JIRIBATUBA,Bahia,48610009282200571
JIRIBATUBA (Licitado),Bahia,""
JOÃO DE BARRO,Rio Grande do Norte,486100095092003
JUAZEIRO,Rio Grande do Norte,480000038039749
JUBARTE,Espírito Santo,480000035609749
JURITI,Bahia,486100080122004
JURUÁ,Amazonas,480000038709736
LAGOA AROEIRA,Rio Grande do Norte,480000038049710
LAGOA BONITA,Espírito Santo,480000037489732
LAGOA BRANCA,Bahia,480000038939731
LAGOA DAS PIABAS,Espírito Santo,""
LAGOA DO DOUTOR,Espírito Santo,48610002003201600
LAGOA DO DOUTOR (Licitado),Espírito Santo,""
LAGOA DO PAULO,Bahia,486100092312002
LAGOA DO PAULO NORTE,Bahia,486100092312002
LAGOA DO PAULO SUL,Bahia,486100092312002
LAGOA PACAS,Alagoas,480000039219775
LAGOA PARDA,Espírito Santo,480000037529718
LAGOA PARDA NORTE,Espírito Santo,480000037549735
Lagoa Parda Sul,(NÃO CADASTRADO),48610222003201969
Lagoa Parda Sul,Espírito Santo,480000037539772
LAGOA PIABANHA,Espírito Santo,480000037559706
LAGOA SURUACA,Espírito Santo,480000037579723
LAGOA VERDE,Bahia,480000036639781
LAGOSTA,São Paulo,480000035709701
LAMARÃO,Bahia,480000036649744
LAPA,São Paulo,486100038842000A
LEODÓRIO,Bahia,480000036659715
LESTE DE POÇO XAVIER,Rio Grande do Norte,4861000400098
LESTE DO URUCU,Amazonas,480000036279718
LINGUADO,Rio de Janeiro,480000037069792
LIVRAMENTO,Rio Grande do Norte,480000038059774
LIXO-PA-3BRSA1RN-BTPOT10,(estado não informado),486100092272002
LOBATO,Bahia,""
LOGRADOURO (Licitado),Rio Grande do Norte,""
LORENA,Rio Grande do Norte,480000038079708
MAÇARICO,Rio Grande do Norte,48610001502200942
MACAU,Rio Grande do Norte,480000038089762
Mãe-da-lua,Bahia,48610001427200839
MALHADO,Rio de Janeiro,480000037169746
MALOMBÊ,Bahia,480000036669770
MANATI,Bahia,480000035189782
MANDACARU,Bahia,480000036679732
MANGANGÁ,Espírito Santo,480000035609749
MAPELE,Bahia,480000036339711
MARECHAL DEODORO,(NÃO CADASTRADO),""
MARIMBÁ,Rio de Janeiro,480000037329701
MARIRICU,Espírito Santo,480000037589796
MARIRICU NORTE,Espírito Santo,480000037609738
MARIRICU OESTE,Espírito Santo,480000037599759
MARITACA,Bahia,486100080162004
MARLIM,Rio de Janeiro,480000037239710
MARLIM LESTE,Rio de Janeiro,480000039009703
MARLIM SUL,Rio de Janeiro,480000037249774
MAROMBA,Rio de Janeiro,480000035569771A
MASSAPÊ,Bahia,480000036689703
MASSUÍ,Bahia,480000036699768
MATA DE SÃO JOÃO,Bahia,480000036709747
MATO GROSSO,Sergipe,480000038579778
MATO GROSSO NOROESTE,Sergipe,48610009197200511
MATO GROSSO NORTE,Sergipe,48610009197200511
MATO GROSSO SUDOESTE,Sergipe,48610009197200511
MATO GROSSO SUL,Sergipe,48610009197200511
MERLUZA,São Paulo,480000038669769
MERO,(NÃO CADASTRADO),""
MERO,Rio de Janeiro,48610011150201310
MEXILHÃO,São Paulo,480000035769789
MIRANGA,Bahia,480000036739735
MIRANGA LESTE,Bahia,480000036759761
MIRANGA NORTE,Bahia,480000036769723
MONTE ALEGRE,Rio Grande do Norte,480000038099725
MORÉIA,Rio de Janeiro,480000037259737
MORRINHO,Rio Grande do Norte,480000038109712
MORRO DO BARRO,Bahia,48610009283200516
MORRO DO BARRO (Licitado),Bahia,""
MOSQUEIRO,(NÃO CADASTRADO),""
Mosquito,(NÃO CADASTRADO),48610222001201970
Mosquito,Espírito Santo,480000035419702
MOSQUITO NORTE,Espírito Santo,48610009188200512
MOSSORÓ,Rio Grande do Norte,480000038119777
MUTUM,Alagoas,486100038922000
NAMORADO,Rio de Janeiro,480000037289725
NATIVO OESTE,Espírito Santo,480000037619709
NAUTILUS,Espírito Santo,480000035529711
NEON,São Paulo,48610001378200834
NEON SUL,São Paulo,48610001379200889
NORDESTE DE JURUÁ,Amazonas,480000038719707
NORDESTE DE NAMORADO,Rio de Janeiro,480000037299798
NORDESTE DE SAPINHOÁ,São Paulo,48610012961201761
NOROESTE DE SAPINHOA,São Paulo,48610012961201761
NOROESTE DO MORRO ROSADO,Rio Grande do Norte,480000038129730
NORTE DE AREIA BRANCA,(NÃO CADASTRADO),""
NORTE DE BERBIGÃO,Rio de Janeiro,48610012913201005
NORTE DE FAZENDA CARUAÇU,Bahia,480000036779796
NORTE DE PESCADA,Rio Grande do Norte,480000039059719
NORTE DE SURURU,Rio de Janeiro,48610012913201005
OESTE CANOAS (Licitado),Maranhão,""
OESTE DE ATAPU,Rio de Janeiro,486100038862000A
OESTE DE UBARANA,Rio Grande do Norte,480000039109759
OLIVA,Rio de Janeiro,480000035739791
OSTRA,Espírito Santo,480000035529711
"PA 1-IMET-1-BA, 1-IMET-2-BA, 1-IMET-3-BA, 1-IMET-5-BA e 1-IMET-10D-BA (Boco REC-T-210 e REC-T-211)",(NÃO CADASTRADO),48610001439200863
PA_1ALV6DBA_REC-T-183,(NÃO CADASTRADO),48610001295200845
PA_1BRSA1063SPS_S-M-623,(NÃO CADASTRADO),48610009180200556
PA_ENTORNO_DE_SAPINHOA,(NÃO CADASTRADO),48610012961201761
PA-1ALV1BA-REC-T-129,Bahia,48610001443200821
PA-1ALV5BA_1ALV7DBA-REC-T-197,(NÃO CADASTRADO),48610001425200840
PA-1ALV8DBA_REC-T-182,Bahia,48610001427200839
PA-1APL1ESS-BMC30,(NÃO CADASTRADO),486100079742004
PA-1APL4DRJS-C-M-202_BM-C-29,(NÃO CADASTRADO),486100079732004
PA-1AURI25SE-SEAL-T-418,(NÃO CADASTRADO),48610009206200566
PA-1AURI27RN-POT-T-573,Rio Grande do Norte,48610009178200587
PA-1AURI3A-POT-T-302,(estado não informado),486100095092003
PA-1BP7RJS_BM-C-34_C-M-471_C-M-473,(NÃO CADASTRADO),48610009210200524
PA-1BRSA1001ESS-GOLFINHO,(NÃO CADASTRADO),480000035359700
PA-1BRSA1015MAS_BM-BAR-1,(NÃO CADASTRADO),486100107302001
PA-1BRSA1022SES_BM-SEAL-4,(NÃO CADASTRADO),486100080232004
PA-1BRSA1025RN_POT-T-699,Rio Grande do Norte,48610001504200931
PA-1BRSA1071ESS-ESE-M-661,(NÃO CADASTRADO),486100079802004A
PA-1BRSA1080CES-BM-CE-2,(NÃO CADASTRADO),486100107282001
PA-1BRSA1083SES-SEAL-M-426,Sergipe,486100080232004
PA-1BRSA1088SES-SEAL-M-499,(NÃO CADASTRADO),486100080222004
PA-1BRSA108Ae6BRSA497-INTEGRADO-JUBARTE-CACHALOTE,(NÃO CADASTRADO),480000035609749
PA-1BRSA108AESS-JUBARTE,(NÃO CADASTRADO),480000035609749
PA-1BRSA108A-JUBARTE,(NÃO CADASTRADO),480000035609749
PA-1BRSA108SESS-JUBARTE,(NÃO CADASTRADO),480000035609749
PA-1BRSA1104SES_SEAL-M-349,(NÃO CADASTRADO),486100080232004
PA-1BRSA1108SES_SEAL-M-424,(NÃO CADASTRADO),486100080222004
PA-1BRSA1115SPS-S-M-239,(NÃO CADASTRADO),486100080182004
PA-1BRSA1131SES-SEAL-M-569,(NÃO CADASTRADO),486100080232004
PA-1BRSA1143DESS-ES-M-527,(NÃO CADASTRADO),486100079782004A
PA-1BRSA1146RJS-IARA_ENT,(NÃO CADASTRADO),48610012913201005
PA-1BRSA1158CES-BM-POT-16,(NÃO CADASTRADO),48610009148200571
PA-1BRSA1175CES-POT-M-665,(NÃO CADASTRADO),48610009149200515
PA-1BRSA1205RNS_BM-POT-17,(NÃO CADASTRADO),48610009149200515
PA-1BRSA1221MA_BT-PN-3_PN-T-86,(NÃO CADASTRADO),48610001299200823
PA-1BRSA122RJS-BS500,(estado não informado),480000035779741
PA-1BRSA1240ES-1BRSA1241ES-4BRSA1176ES-E,Espírito Santo,48610005458201326
PA-1BRSA1264ES_BT-ES-27,Espírito Santo,48610005458201326
PA-1BRSA1289RJBM-C-35,(NÃO CADASTRADO),48610009209200516
PA-1BRSA1291DES_SEAL-T-420,Sergipe,48610000176201413
PA-1BRSA1300DBA_RECT-T-70,Bahia,48610000098201457
PA-1BRSA155RJS-BC200,(estado não informado),480000035639737
PA-1BRSA186ESS-BES100,(estado não informado),480000035359700
PA-1BRSA18ESS-BC600,(estado não informado),480000035689751
PA-1BRSA201ASPS-BS400,(estado não informado),480000035769789
PA-1BRSA213RJS-BC100,(estado não informado),480000035629774
PA-1BRSA220SPS-BS-400,(estado não informado),480000035769789
PA-1BRSA22ES-BREG,(estado não informado),480000035409731
PA-1BRSA244RJS-BMC3,(estado não informado),4861000475299
PA-1BRSA258-BT-ES-12,Espírito Santo,486100107352001
PA-1BRSA25AES-BCED,(estado não informado),480000035419702
PA-1BRSA288ARN-POTT391,(estado não informado),486100094902003
PA-1BRSA309RN-POTT391,(estado não informado),486100094902003
PA-1BRSA329DRJS-BM-S-10,(NÃO CADASTRADO),486100038852000
PA-1BRSA368RN-BT-POT-22,(estado não informado),486100094892003
PA-1BRSA373DES-ES-T-495,Espírito Santo,486100094912003
PA-1BRSA449ESS-PIRAMBU,(NÃO CADASTRADO),480000035609749
PA-1BRSA452-1BRSA453-POT-T-661,Rio Grande do Norte,486100080082004
PA-1BRSA459SE-4BRSA492SE-BT-SEAL-12,Sergipe,48610009197200511
PA-1BRSA491SPS-BMS9,(NÃO CADASTRADO),486100038842000
PA-1BRSA504DES-BT-ES-15,Espírito Santo,486100092242002
PA-1BRSA510DAL-BTSEAL2,(NÃO CADASTRADO),486100038922000
PA-1BRSA513DAL-BTSEAL2,Alagoas,486100038922000
PA-1BRSA526SPS-BM-S-21,(NÃO CADASTRADO),486100107202001
PA-1BRSA52ES-BCED,(estado não informado),480000035419702
PA-1BRSA532ASPS-BM-S-8,(NÃO CADASTRADO),486100038832000
PA-1BRSA53RJS-BS500,(estado não informado),480000035779741
PA-1BRSA543RN-POTT701,Rio Grande do Norte,486100080052004A
PA-1BRSA558-1BRSA675-POT-T-744E745,Rio Grande do Norte,48610009130200579
PA-1BRSA558RN-POT-T-745,(NÃO CADASTRADO),48610009130200579
PA-1BRSA559ARJS-BM-S-24,(NÃO CADASTRADO),486100107332001
PA-1BRSA568DBA-REC-T-265,Bahia,48610009121200588
PA-1BRSA56ES-BCED,Espírito Santo,480000035419702
PA-1BRSA573BA-BTES24,(NÃO CADASTRADO),486100079832004
PA-1BRSA57ES-BREG,(estado não informado),480000035409731
PA-1BRSA584D-BA-BTES24,(NÃO CADASTRADO),486100079832004
PA-1BRSA586RN-POT-T-705,(NÃO CADASTRADO),48610009177200532
PA-1BRSA617SCS-BM-S-12,(NÃO CADASTRADO),486100107292001
PA-1BRSA618-rjs,(NÃO CADASTRADO),486100038862000
PA-1BRSA618RJS-BM-S-11,(NÃO CADASTRADO),486100038862000
PA-1BRSA618RJS-IARA_ENT,(NÃO CADASTRADO),48610012913201005
PA-1BRSA618RJS-IARA_ENT-B,(NÃO CADASTRADO),48610012913201005
PA-1BRSA619RJS-BM-C-28,(NÃO CADASTRADO),486100094992003
PA-1BRSA637DBAS_BM-CAL-5,(NÃO CADASTRADO),486100107182001
PA-1BRSA64RNS-BPOT1,(estado não informado),480000034749717
PA-1BRSA650DESS-BM-ES-5,(NÃO CADASTRADO),486100107242001
PA-1BRSA665RJS-BMC14,(NÃO CADASTRADO),486100107272001A
PA-1BRSA669BAS-BM-J-3,(NÃO CADASTRADO),486100092172002
PA-1BRSA673-BT-POT-9,(NÃO CADASTRADO),486100092262002
PA-1BRSA680RN-1BRSA687RN,(NÃO CADASTRADO),48610009129200544
PA-1BRSA680RN-1BRSA687RN-POT-T-605-POT-T-606,(NÃO CADASTRADO),48610009129200544
PA-1BRSA693RN-1BRSA697RN_POT-T-706,(NÃO CADASTRADO),""
PA-1BRSA70DSES-SEAL10,(estado não informado),480000034929791
PA-1BRSA710RNS-BM-POT-11,(NÃO CADASTRADO),486100092182002
PA-1BRSA712DBA-REC-T-265,(NÃO CADASTRADO),48610009121200588
PA-1BRSA718ES-BT-ES-15,Espírito Santo,""
PA-1BRSA734BAS_BM-CAL-5,(NÃO CADASTRADO),486100107182001
PA-1BRSA739ES-BT-ES-14,(NÃO CADASTRADO),486100092232002
PA-1BRSA758-BT-ES-14,(NÃO CADASTRADO),486100092232002
PA-1BRSA768BAS_BM-J-3,(NÃO CADASTRADO),486100092172002A
PA-1BRSA76SES-SEAL10,(estado não informado),480000034929791
PA-1BRSA77BAS-BCUM1,(estado não informado),480000035269719
PA-1BRSA783AESS-ES-M-468,(NÃO CADASTRADO),486100079782004A
PA-1BRSA78ESS-BE49,(estado não informado),480000035389790
PA-1BRSA805RJS_BM-C-36_C-M-401,(NÃO CADASTRADO),48610009156200517
PA-1BRSA819AESS-BM-ES-5,(NÃO CADASTRADO),486100107242001
PA-1BRSA81DCES-BCE5,(estado não informado),480000034879751
PA-1BRSA835AM,(NÃO CADASTRADO),""
PA-1BRSA848DESS-ES-M-413,(NÃO CADASTRADO),48610009196200569
PA-1BRSA851SES_SEAL-M-426,(NÃO CADASTRADO),486100080232004
PA-1BRSA862RNS-BM-POT-11,(NÃO CADASTRADO),486100092182002
PA-1BRSA86-SEAL100,(estado não informado),480000034959789
PA-1BRSA882ESS-ESM594-ESM527,(NÃO CADASTRADO),48610009168200541
PA-1BRSA892AM-BT-SOL-1,(NÃO CADASTRADO),486100092322002
PA-1BRSA903PAS-BM-PAMA-3,(NÃO CADASTRADO),486100107092001
PA-1BRSA905RJS_S-M-172_BM-S-44,(NÃO CADASTRADO),486100080282004
PA-1BRSA905RJS-S-M-172,(NÃO CADASTRADO),486100080282004
PA-1BRSA921RJS_BM-C-27_C-M-122_C-M-145_C-M-146,(NÃO CADASTRADO),486100095002003
PA-1BRSA925ARJS_S-M-417_S-M-324_BM-S-42,(NÃO CADASTRADO),486100080182004
PA-1BRSA926DESS-ES-M-525,(NÃO CADASTRADO),486100079792004
PA-1BRSA936DESS-BM-ES-23,(NÃO CADASTRADO),486100079792004
PA-1BRSA958ESS_BM_C_25,(NÃO CADASTRADO),486100092142002
PA-1BRSA95RN-BPOT4,(estado não informado),480000034829737
PA-1BRSA962RNS-BM-POT-11,(NÃO CADASTRADO),486100092182002
PA-1BRSA983ESS-ES-M-414,(NÃO CADASTRADO),486100079772004
PA-1BRSA984AM-SOL-T-171,(NÃO CADASTRADO),48610009146200581
PA-1BRSA985AM-SOL-T-193,(NÃO CADASTRADO),48610009146200581
PA-1BV1RN-POT-T-569,(estado não informado),486100095072003
PA-1CISC1MG_SF-T-133_BT-SF-6,(NÃO CADASTRADO),48610009208200555
PA-1COST1PPR-BPAR10,(estado não informado),480000035829781
PA-1DEV10RJS-BMC8,(NÃO CADASTRADO),486100038882000
PA-1DEV14AMAS-BM-BAR-3,(NÃO CADASTRADO),486100092122002
PA-1DEV15ESS-C-M-61,(NÃO CADASTRADO),486100079762004
PA-1DEV9RJS,(NÃO CADASTRADO),486100038882000
PA-1DEV9RJS-BMC8,(NÃO CADASTRADO),486100038882000
PA-1ELPS16D/17D-BAS_BM-CAL-4,(NÃO CADASTRADO),486100038902000
PA-1ENI4ARJS-BM-S-4,(NÃO CADASTRADO),4861000475199
PA-1ENI6ARJS-BM-S-4,(NÃO CADASTRADO),4861000475199
PA-1ENV15MA_POT-T-102A,(NÃO CADASTRADO),48610222046201944
PA-1ESSO3SPS-BM-S-22,(NÃO CADASTRADO),""
PA-1FCB0001BA_TUC-T-139_TUC-T-147,(NÃO CADASTRADO),48610005437201319
PA-1GALP26RN-POT-T-354,(NÃO CADASTRADO),48610009151200594
PA-1GALP27BA-ES-T-227,(NÃO CADASTRADO),48610009126200519
PA-1GALP42RN_POT-T-743,Rio Grande do Norte,48610010806201549
PA-1GALP42RN-POT-T-743,(NÃO CADASTRADO),48610001505200986
PA-1-GOP-1A-BA_REC-T-107,Bahia,48610005425201386
PA-1GPK4DBA_REC-T-128,Bahia,48610010821201597
PA-1GREN1DBA_REC-T-108,(NÃO CADASTRADO),48610010812201504
PA-1HRT1AM-1TAQ1AM-SOL-T-170,(NÃO CADASTRADO),48610009147200526A
PA-1HRT2AM-SOL-T-169,(NÃO CADASTRADO),48610009147200526A
PA-1HRT3AM-SOL-T-168,(NÃO CADASTRADO),48610009147200526A
PA-1HRT-4AM_SOLT-T-194,(NÃO CADASTRADO),48610009147200526
PA-1HRT5AM_1HRT10AM_SOL-T-192,(NÃO CADASTRADO),48610009147200526A
PA-1HRT8AM-SOL-T-169,(NÃO CADASTRADO),48610009147200526A
PA-1HRT9AM-SOL-T-191,(NÃO CADASTRADO),48610009147200526A
PA-1IMET27ES_ES-T-487,(NÃO CADASTRADO),48610012641201710
PA-1IMET7MG_SF-T104,(NÃO CADASTRADO),48610001558200905
PA-1IMET8MG-SF-T-114_R10,(NÃO CADASTRADO),48610001559200941
PA-1KPGL1DSPS-S-M-1101,(NÃO CADASTRADO),48610001378200834
PA-1MR1APR-BPAR10,(estado não informado),480000035829781
PA-1MRAM-SOL-T-168,(NÃO CADASTRADO),48610009147200526A
PA-1MRK2ASPS-BM-S-29,(NÃO CADASTRADO),""
PA-1OGX100RJS-VIEDMA_BM-C-37_BM-C-38_BM-C-41,(NÃO CADASTRADO),48610001353200831
PA-1OGX102MA_PN-T-67_BT-PN-7,(NÃO CADASTRADO),48610001417200801
PA-1OGX104RJS_BM-C-37_C-M-592_TULUM,(NÃO CADASTRADO),48610001366200818
PA-1OGX107MA_PN-T-49_BT-PN-5,(NÃO CADASTRADO),48610001415200812
PA-1OGX115MA_BT-PN-4_PN-T-48_1OGX59MA_BT-PN-5_PN-T-49,(NÃO CADASTRADO),48610001414200860
PA-1OGX11DSPS_S-M-314_BM-S-59,(NÃO CADASTRADO),48610001376200845
PA-1OGX121MA_PN-T-68_BT-PN-8_PN-T-67_BT-PN-7,(NÃO CADASTRADO),48610001418200848
PA-1OGX17ARJS-BM-S-56,(NÃO CADASTRADO),48610001373200810
PA-1OGX17ARJS-BM-S-56,(NÃO CADASTRADO),48610009160200585
PA-1OGX1RJS_1OGX5RJS_1OGX78RJS_BM-C-41_BM-C-42_BM-C-43,(NÃO CADASTRADO),48610001370200878
PA-1OGX1RJS_1OGX5RJS_1OGX78RJS_Vesúvio_Krakatoa_Honolulu,(NÃO CADASTRADO),48610001370200878
PA-1OGX20RJS_1OGX52RJS_TUPUNGATO_TAMBORA_BM-C-41_C-M-592,(NÃO CADASTRADO),48610001369200843
PA-1OGX77MA_1OGX82MA_1OGX122MA_PN-T-85_BT-PN-10,(NÃO CADASTRADO),48610001420200817
PA-1OGX79RJS_BM-C-39_C-M-466_ITACOATIARA,(NÃO CADASTRADO),48610001367200854
PA-1OGX94DARJS_S-M-270_BM-S-58,(NÃO CADASTRADO),48610001375200809
PA-1OGX97MA_PN-T-67(BT-PN-7)_PN-T-85(BT-PN-10),(NÃO CADASTRADO),48610001417200801
PA-1ORT1MG-SF-T-132,(NÃO CADASTRADO),48610009207200519
PA-1PAL1ES-BCED,(estado não informado),480000035419702
PA-1PERN-4-ESS,(NÃO CADASTRADO),48610001263200840
PA-1PGN1MA_PN-T-48_BT-PN-4,Maranhão,48610001414200860
PA-1POTI1DRN-BTPOT10,Rio Grande do Norte,486100092272002
PA-1PSY15RN-BT-POT-3,(NÃO CADASTRADO),480000034769734
PA-1PSY3RN-POTT353,(NÃO CADASTRADO),486100094862003
PA-1PSY4RN-POTT352,Rio Grande do Norte,486100094872003
PA-1PSY6RN-POTT524,(NÃO CADASTRADO),486100080062004
PA-1PSY7RN-POTT528,(NÃO CADASTRADO),486100080062004
PA-1PTRA18MG-BT-SF-3A,(NÃO CADASTRADO),48610009213200568A
PA-1PTRA25MG-BT-SF-3A,(NÃO CADASTRADO),48610009213200568A
PA-1PTRA2MG-BT-SF-3_BT-SF-9,(NÃO CADASTRADO),48610009213200568
PA-1PTX1RN-POT-T-557,(NÃO CADASTRADO),486100080002004
PA-1PTX1RN-POT-T-559,(NÃO CADASTRADO),486100080002004
PA-1QG5ABAS-BM-J-2,(NÃO CADASTRADO),486100092162002
PA-1QTR10RN-POT-T-792,(NÃO CADASTRADO),48610009134200557
PA-1QTR1RN-POT-T-476,(NÃO CADASTRADO),486100079932004
PA-1QTR6RN-POT-T-704,(NÃO CADASTRADO),486100080092004
PA-1REPF3DSPS_S-M-673_674_BM-S-48,(NÃO CADASTRADO),48610009145200537
PA-1REPF4SPS_S-M-789_BM-S-48,(NÃO CADASTRADO),48610009145200537
PA-1RJS537RJS_BM-C-27,(NÃO CADASTRADO),""
PA-1RJS539-BS500,(estado não informado),480000035779741
PA-1SHEL23RJS_S-M-518_BM-S-54,(NÃO CADASTRADO),48610009184200534
PA-1SHEL23RJS_S-M-518_BM-S-54_EP,(NÃO CADASTRADO),48610009184200534
PA-1SHEL23RJS-S-M-518,(NÃO CADASTRADO),48610009184200534
PA-1SPS25B-BS1,(estado não informado),480000035709701
PA-1SS1RN-BPOT6,(estado não informado),480000034849762
PA-1STAR10RN-POT-T-748,Rio Grande do Norte,48610009128200516
PA-1STAR26BA_REC_T_166,(NÃO CADASTRADO),""
PA-1STAR2BA-REC-T-178,(NÃO CADASTRADO),486100080162004
PA-1STAR8RN-POT-T-794,Rio Grande do Norte,48610009128200516A
PA-1VITA2ES-ES-T-391,(NÃO CADASTRADO),48610001402200835
PA-2ANP1RJS_FRANCO,(NÃO CADASTRADO),48610012913201005
PA-3BRSA1011DSE-CARMÓPOLIS,(NÃO CADASTRADO),""
PA-3BRSA1030DSE-CARMÓPOLIS,(NÃO CADASTRADO),""
PA-3BRSA1032RJS-IARA_ENT,(NÃO CADASTRADO),48610012913201005
PA-3BRSA1093SE-SIRIRIZINHO,(NÃO CADASTRADO),""
PA-3BRSA1130RN-UPANEMA,(NÃO CADASTRADO),480000038339718
PA-3BRSA1153RN-ESTREITO,(NÃO CADASTRADO),""
PA-3BRSA1193RN-CANTO DO AMARO,(NÃO CADASTRADO),480000037929724
PA-3BRSA1199RN-CANTO DO AMARO,(NÃO CADASTRADO),""
PA-3BRSA1200RN-ESTREITO,(NÃO CADASTRADO),480000037939797
PA-3BRSA1267RJS,(NÃO CADASTRADO),48610011150201310
PA-3BRSA304RJS-ESPADARTE,(estado não informado),480000038999718
PA-3BRSA341RJS-TAMBAÚ,(NÃO CADASTRADO),""
PA-3BRSA523ES-ET-T-381-ES-T-390,Espírito Santo,486100079842004
PA-3BRSA794SE-SIRIRIZINHO,(NÃO CADASTRADO),""
PA-3BRSA799SE-PIRANEMA,(NÃO CADASTRADO),486100080222004
PA-3BRSA881DES-LAGOA BONITA,(NÃO CADASTRADO),480000037489732
PA-3BRSA897SE-3BRSA900SE-CARMÓPOLIS,(NÃO CADASTRADO),480000038479714
PA-3BRSA912SE-CARMÓPOLIS,(NÃO CADASTRADO),""
PA-3BRSA956RN_3BRSA1074RN_POT-T-744,Rio Grande do Norte,48610010807201593
PA-3BRSA972DSE-SIRIRIZINHO SUL,(NÃO CADASTRADO),""
PA-3BRSA998SE-CARMOPOLIS NOROESTE,(NÃO CADASTRADO),""
PA-3SHEL24ESS_BC-10_NAUTILUS,(NÃO CADASTRADO),480000035529711
PA-4BRSA1111RN,(NÃO CADASTRADO),480000039149718
PA-4BRSA1226RJS-IARA_ENT,(NÃO CADASTRADO),48610012913201005
PA-4BRSA158ESS-BC60,(estado não informado),480000035609749
PA-4BRSA198RJS-MARLIM LESTE,(estado não informado),480000039009703
PA-4BRSA202RJS-MARLIM LESTE,(estado não informado),480000039009703
PA-4BRSA209RJS-VL,(estado não informado),480000035599760
PA-4BRSA227RJS-BC50,(estado não informado),480000035599760
PA-4BRSA290DRJS-ALBACORA,(estado não informado),480000037039702
PA-4BRSA301DPRJS-BAGRE,(estado não informado),480000037269708
PA-4BRSA416-ES-T-373,(NÃO CADASTRADO),486100079842004
PA-4BRSA420ESS-BC60,(NÃO CADASTRADO),480000035609749
PA-4-BRSA-466-ESS-Caxaréu,(NÃO CADASTRADO),480000035609749
PA-4BRSA534_3BRSA538D_ES-T-409_418,(NÃO CADASTRADO),48610009188200512
PA-4BRSA592D-ES-T-383,(NÃO CADASTRADO),48610009188200512
PA-4BRSA601ES-BIGUA,(NÃO CADASTRADO),486100079842004
PA-4BRSA609ES-BIGUA,(NÃO CADASTRADO),486100079842004
PA-4BRSA613ES-ES-T-383,(NÃO CADASTRADO),48610009188200512
PA-4BRSA623ES-BIGUA,(NÃO CADASTRADO),486100079842004
PA-4BRSA66ESS-BFRD,(estado não informado),480000035399752
PA-4BRSA792DBA-FAZENDA_PANELAS,(NÃO CADASTRADO),480000036539728
PA-6BRSA318-MARLIM LESTE,(estado não informado),480000039009703
PA-6BRSA318RJS-MARLIM LESTE,(estado não informado),480000039009703
PA-6BRSA497ESS-CACHALOTE,(NÃO CADASTRADO),480000035609749
PA-6BRSA517RJS-MARLIM SUL,(NÃO CADASTRADO),480000037249774
PA-6BRSA647DRJS-MarlinSul,(NÃO CADASTRADO),480000037249774
PA-6-BRSA-817-RJS-Marlim Leste,(NÃO CADASTRADO),""
PA-6BRSA-899D-RJS-ALBACORA,(NÃO CADASTRADO),""
PA-6REPF6PRJS_1REPF11ARJS_1REPF12DRJS_BM-C-33_C-M-539,(NÃO CADASTRADO),48610009157200561
PA-7ET858RN-ESTREITO-FM. ALAGAMAR,(estado não informado),480000037939797
PA-AURI4-AURI5-AURI6-RNPOT-T-432,(estado não informado),486100095092003
PA-COMPL-1GALP42RN_POT-T-743,(NÃO CADASTRADO),48610010806201549
"Pad 1-GTE-1-BA, 1-GTE-5HP-BA, 1-GTE-6HP-BA, 1-GTE-8DP-BA",(NÃO CADASTRADO),48610001427200839A
PAD-6BRSA770D-RJS_MARLIM_VOADOR,(NÃO CADASTRADO),480000039009703
PA-ENTORNO-DE-SAPINHOÁ,(NÃO CADASTRADO),48610012961201761
PAJEÚ,Rio Grande do Norte,480000038139701
PA-LIXO 4BRSA207RJS-CRP,(estado não informado),480000037119722
PAMPO,Rio de Janeiro,480000037079755
PA-PAD_CONJUNTO_GATO_DO_MATO_S-M-518_S_GATO_MAT,(NÃO CADASTRADO),48610012965201740
PAPA-TERRA,Rio de Janeiro,480000035569771
PARAMIRIM DO VENCIMENTO,Bahia,48610002006201635
PARAMIRIM DO VENCIMENTO (Licitado),Bahia,480000038889700
PARAMIRIM DO VENCIMENTO_,Bahia,48610002006201635
PARATI,Rio de Janeiro,480000037319730
PARDAL,Rio Grande do Norte,486100092272002A
PARGO,Rio de Janeiro,480000037129795
PARIRI,Bahia,48610001557200952
PARU,Alagoas,480000038409775
PATATIVA,Rio Grande do Norte,486100092262002
PATURI,Rio Grande do Norte,48610001503200997
PEDRA D'AGUA,(NÃO CADASTRADO),""
PEDRA SENTADA,Rio Grande do Norte,4861000400198
PEDRINHAS,Bahia,480000036789759
PEO-1BRSA1146RJS_Iara_Entorno_CCO,Rio de Janeiro,48610012913201005
PEREGRINO,Rio de Janeiro,486100038872000
PERIQUITO,Rio Grande do Norte,486100080052004
Periquito Nordeste,Rio Grande do Norte,48610010807201593
PERIQUITO NORTE,Rio Grande do Norte,48610010806201549
PEROÁ,Espírito Santo,480000039039793
PESCADA,Rio Grande do Norte,480000039129784
Piaçabuçu,(NÃO CADASTRADO),48610222012201950
Piaçabuçu,Alagoas,""
PILAR,Alagoas,480000038599701
PINAÚNA,Bahia,486100038902000
PINTASSILGO,Rio Grande do Norte,486100039012000A
PIRACABA,São Paulo,486100094942003
PIRACUCÁ,São Paulo,486100038822000
PIRAMBU,Espírito Santo,480000035609749
PIRANEMA,Sergipe,480000034959789
PIRANEMA SUL,Sergipe,486100080222004
PIRAPITANGA,Rio de Janeiro,480000035779741
PIRAÚNA,Rio de Janeiro,480000037339765
PITANGA,Bahia,""
PITANGOLA,Rio de Janeiro,48610001365200865
PITIGUARI,Rio Grande do Norte,486100107392001
POÇO VERDE,Rio Grande do Norte,480000038149765
POÇO XAVIER,Rio Grande do Norte,480000038159728
POJUCA,Bahia,480000036799711
POJUCA NORTE,Bahia,480000036809709
POJUCA NORTE,Bahia,48610222010201961
POLVO,Rio de Janeiro,486100038882000
PONTA DO MEL,Rio Grande do Norte,480000038169791
PONTA DOS MANGUES (Licitado),Sergipe,""
PONTAL DA BARRA,Alagoas,480000034999730
PORTO CARÃO,Rio Grande do Norte,480000038179753
POVOAÇÃO,Espírito Santo,""
PRJ-EO,Maranhão,48610007483200615
PRJ-FSP,Bahia,48610009287200511
PRJ-OC,Maranhão,48610007487200611
PRJ-PM,(NÃO CADASTRADO),48610007488200648
QUERERÁ,Bahia,480000038949702
QUIAMBINA,Bahia,""
QUIXABA,(NÃO CADASTRADO),""
QUIXABEIRINHA,Rio Grande do Norte,""
RABO BRANCO,Sergipe,48610009198200558
REDONDA,Rio Grande do Norte,480000038189716
REDONDA PROFUNDO,Rio Grande do Norte,480000038199789
REMANSO,Bahia,480000036719718
RÊMORA,Rio de Janeiro,48610001368200807
RIACHO AGUA BOA,(NÃO CADASTRADO),""
RIACHO ALAZÃO,Rio Grande do Norte,480000038209768
RIACHO DA BARRA,Bahia,480000036829726
RIACHO DA FORQUILHA,Rio Grande do Norte,480000038219721
RIACHO OURICURI,Bahia,480000036839799
RIACHO QUIRICÓ (Licitado),Bahia,""
RIACHO SÃO PEDRO,Bahia,480000036849751
RIACHO SESMARIA,Bahia,""
RIACHO SESMARIA,Bahia,48610001998201683
RIACHO TAPUIO (Licitado),Rio Grande do Norte,""
RIACHO VELHO,Rio Grande do Norte,48610007480200681
RIACHO VELHO (Licitado),Rio Grande do Norte,""
RIACHUELO,Sergipe,480000038609782
RIO BARRA SECA,Espírito Santo,480000037659751
RIO DA SERRA,Bahia,480000036859714
RIO DO BU,Bahia,480000036869787
RIO DO CARMO,Rio Grande do Norte,48610007479200657
RIO DO CARMO (Licitado),Rio Grande do Norte,""
RIO DOCE,Espírito Santo,480000037649799
RIO DOS OVOS,Bahia,480000036879740
RIO IBIRIBAS,Espírito Santo,480000037499703
RIO IPIRANGA,Espírito Santo,48610007482200671
RIO ITARIRI,Bahia,480000036889711
RIO ITAÚNAS,Espírito Santo,480000037669714
RIO ITAÚNAS LESTE,Espírito Santo,480000037679787
Rio Joanes,(NÃO CADASTRADO),48610222011201913
Rio Joanes,Bahia,480000038909743
Rio Mariricu,Espírito Santo,480000037689740
Rio Mariricu,Espírito Santo,48610007065201781
RIO MARIRICU SUL,Espírito Santo,48610009188200512
RIO MOSSORÓ,Rio Grande do Norte,480000038249719
RIO PERUÍPE,Bahia,""
RIO PIPIRI,Bahia,480000036749706
RIO POJUCA,Bahia,480000036899775
RIO PRETO,Espírito Santo,480000037699711
RIO PRETO OESTE,Espírito Santo,480000037709791
RIO PRETO SUDESTE,Espírito Santo,48610009188200512
RIO PRETO SUL,Espírito Santo,480000037719754
RIO SAO FRANCISCO,(NÃO CADASTRADO),""
RIO SÃO MATEUS,Espírito Santo,480000037729717
RIO SÃO MATEUS OESTE,Espírito Santo,486100079842004
RIO SAUÍPE,Bahia,480000036909754
RIO SUBAÚMA,Bahia,480000036919717
RIO UNA,Bahia,""
RIO URUCU,Amazonas,480000036289781
ROBALO,Sergipe,480000034909765
ROLINHA,Rio Grande do Norte,486100092272002
RONCADOR,Rio de Janeiro,480000039019768
SABIÁ,Rio Grande do Norte,480000039169735
SABIÁ BICO-DE-OSSO,Rio Grande do Norte,48610009128200516
SABIÁ DA MATA,Rio Grande do Norte,48610009128200516
SAIRA,Espírito Santo,486100107352001
Saíra,(NÃO CADASTRADO),48610222002201914
SALEMA,Rio de Janeiro,480000037109760
SALEMA BRANCA,Rio Grande do Norte,480000034819774
SALGO,Sergipe,480000038419738
SALINA CRISTAL,Rio Grande do Norte,480000038259781
SANHAÇU,Rio Grande do Norte,486100079982004
SANTANA,Bahia,480000036929780
SÃO DOMINGOS,Bahia,480000036939742
SÃO JOÃO,Maranhão,""
SÃO JOÃO,Maranhão,48610002005201691
SÃO JOÃO LIXO 1,Maranhão,48610002005201691
SÃO MANOEL,Rio Grande do Norte,48610007485200612
SÃO MANOEL (Licitado),Rio Grande do Norte,480000038269744
SÃO MATEUS,Espírito Santo,480000037739780
SÃO MATEUS LESTE,Espírito Santo,48610009188200512
SÃO MIGUEL,Rio Grande do Norte,480000038279715
SÃO MIGUEL DOS CAMPOS,Alagoas,480000038619745
SÃO PEDRO,Bahia,480000036949713
SAPINHOÁ,São Paulo,486100038842000
SARDINHA,Bahia,480000038759750
SAUÍPE,Bahia,480000036959778
SEBASTIÃO FERREIRA,Alagoas,480000039229738
SEMPRE VIVA,Bahia,48610009288200549
SEMPRE VIVA (Licitado),Bahia,""
SÉPIA,Rio de Janeiro,48610012913201005
SÉPIA LESTE,Rio de Janeiro,486100107332001
SERIEMA,Espírito Santo,486100079842004
SERRA,Rio Grande do Norte,480000037819716
SERRA DO MEL,Rio Grande do Norte,480000038289770
SERRA VERMELHA,Rio Grande do Norte,480000038299732
SERRARIA,Rio Grande do Norte,480000038309711
SESMARIA,Bahia,480000036969731
SETE GALHOS (Licitado),Bahia,""
SIBITE,Rio Grande do Norte,486100092252002
SIRI,Rio Grande do Norte,480000034799722
SIRIRIZINHO,Sergipe,480000038629716
SIRIRIZINHO OESTE,Sergipe,48610009197200511
SIRIRIZINHO SUL,Sergipe,48610009197200511
SOCORRO,Bahia,480000036979701
SOCORRO EXTENSÃO,Bahia,480000036989766
SOCORRO EXTENSÃO NORTE,Bahia,48610009121200588
SOLEDADE (Licitado),Rio Grande do Norte,""
SUBAÚMA MIRIM,Bahia,""
SUDOESTE DE SAPINHOÁ,São Paulo,48610012961201761
SUDOESTE JURUÁ,Amazonas,480000038729761
SUDOESTE URUCU,Amazonas,480000038739724
SUINDARA,Espírito Santo,48610012628201752
SUL DE BERBIGÃO,Rio de Janeiro,48610012913201005
SUL DE CORURIPE,Alagoas,480000038639771
SUL DE FAZENDA ALEGRE,(NÃO CADASTRADO),""
SUL DE SAPINHOÁ,São Paulo,48610012913201005
SUL DE SURURU,Rio de Janeiro,48610012913201005
SUL DE TUPI,Rio de Janeiro,48610012913201005
SURURU,Rio de Janeiro,486100038862000A
SUSSUARANA,Bahia,480000036999729
TABUIAIÁ,Espírito Santo,486100079862004
TABULEIRO DOS MARTINS,Alagoas,480000038649733
TAINHA,Sergipe,""
TAMBAÚ,Rio de Janeiro,480000035779741
TAMBUATÁ,Rio de Janeiro,480000035779741
TANGARÁ,Bahia,486100094882003
TAPIRANGA,Bahia,48610001430200852
TAPIRANGA NORTE,Bahia,48610001429200828
TAQUIPE,Bahia,480000037009714
TARTARUGA,Sergipe,480000038359735
TARTARUGA MESTIÇA,Rio de Janeiro,48610009156200517
TARTARUGA VERDE,Rio de Janeiro,48610009156200517
TARTARUGA VERDE SUDOESTE,Rio de Janeiro,48610011230201880
TATUI,Sergipe,480000038349772
TICO-TICO,Bahia,486100080132004
TIÊ,Bahia,48610001427200839A
TIGRE,Sergipe,48610009279200558
TIGRE (Licitado),Sergipe,480000034909765
Tiziu,(NÃO CADASTRADO),48610222005201958
Tiziu,Rio Grande do Norte,486100092252002A
TLD-1BRSA456RN-POT-T-700,Rio Grande do Norte,486100080012004
TLD-1BRSA502BA-BT-REC-7,Bahia,486100092282002
TLD-1BRSA543RN-POT-T-701,(NÃO CADASTRADO),486100080052004A
TLD-1QG4BA-BT-REC-8,Bahia,486100092292002
TRAPIÁ,Rio Grande do Norte,""
TRÊS MARIAS,Rio Grande do Norte,480000038329747
TRILHA,Rio de Janeiro,480000037089718
TRINCA FERRO,Rio Grande do Norte,486100080012004
TROVOADA,Bahia,48610001293200856
TUBARÃO,Santa Catarina,480000039269799
TUBARÃO AREIA,Rio de Janeiro,48610001369200843
TUBARÃO AZUL,Rio de Janeiro,48610001369200843
TUBARÃO GATO,Rio de Janeiro,48610001369200843
TUBARÃO MARTELO,Rio de Janeiro,48610001367200854
TUBARÃO TIGRE,Rio de Janeiro,48610001369200843
TUCANO,Espírito Santo,48610001402200835
TUPI,Rio de Janeiro,486100038862000
UBARANA,Rio Grande do Norte,480000037829771
UIRAPURU,Bahia,486100038992000
UIRAPURU SUDOESTE,Bahia,48610001293200856
UPANEMA,Rio Grande do Norte,480000038339718
URUGUÁ,Rio de Janeiro,480000035779741
URUTAU,Rio Grande do Norte,48610007066201725
URUTAU (Licitado),Rio Grande do Norte,48610009151200594
VALE DO QUIRICO,Bahia,480000037019779
VALE DO QUIRICÓ,Bahia,48610007063201791
VARGINHA,Rio Grande do Norte,4861000400298
VÁRZEA REDONDA,Rio Grande do Norte,480000037909707
VAZA BARRIS,(NÃO CADASTRADO),""
VERMELHO,Rio de Janeiro,480000037139758
VIOLA,Rio de Janeiro,480000037349728
VOADOR,Rio de Janeiro,480000037049767
XARÉU,Ceará,480000037789701
XERELETE,Rio de Janeiro,480000035449792
XERELETE SUL,Rio de Janeiro,486100107272001
